0x573807cdd7e5c63b,0xdeadbeef
0x7632ced6e2d5105c,0xdeadbeef
0x194279bbc20731f9,0xdeadbeef
0x383d40c4ccf67c1a,0xdeadbeef
0x2cdcdc0dfc5d1141,0xdeadbeef
0xde21504f16dc720,0xdeadbeef
0x6ad26a20123ba583,0xdeadbeef
0x4bd7a317074c5b62,0xdeadbeef
0x5f61cf85806b7533,0xdeadbeef
0x7e5c968e8b5abf54,0xdeadbeef
0x216c41736a8ce0f1,0xdeadbeef
0x4067087c757c2b12,0xdeadbeef
0x24b3145653d76249,0xdeadbeef
0x5b84d4d48e81828,0xdeadbeef
0x62a8a26869b5f68b,0xdeadbeef
0x43addb5f5ec6ac6a,0xdeadbeef
0x678b973d28f1242b,0xdeadbeef
0x7979a1b9cc1f91b4,0xdeadbeef
0x2996092b13128fe9,0xdeadbeef
0x4890d0341e01da0a,0xdeadbeef
0x1c894c9eab51b351,0xdeadbeef
0x2717a6a5f9d96d0,0xdeadbeef
0x5a7edab0c1304793,0xdeadbeef
0x3b8413a7b640fd72,0xdeadbeef
0x6fb55ef4d176d323,0xdeadbeef
0x714fda022399e2bc,0xdeadbeef
0x31bfd0e2bb983ee1,0xdeadbeef
0x50ba97ebc6878902,0xdeadbeef
0x145f84e702cc0459,0xdeadbeef
0xa9b4222082345c8,0xdeadbeef
0x525512f918aa989b,0xdeadbeef
0x335a4bf00dbb4e7a,0xdeadbeef
0x3690e8ef35cf0a5b,0xdeadbeef
0x558baff840be547c,0xdeadbeef
0x764a522e00f89e7,0xdeadbeef
0x179621e62adfc03a,0xdeadbeef
0x4d83faec9e73cd21,0xdeadbeef
0x2e8933e393848300,0xdeadbeef
0x748677014bad9e9d,0xdeadbeef
0x6c7ec1f5a9631742,0xdeadbeef
0x3ebab0a6de54b953,0xdeadbeef
0x5db577afe9440374,0xdeadbeef
0xc52294c8762511,0xdeadbeef
0x1fbfe99dd3656f32,0xdeadbeef
0x455a3334f5ee1e29,0xdeadbeef
0x265f6c2beafed408,0xdeadbeef
0x7cb03eb8f4334d95,0xdeadbeef
0x6454fa3e00dd684a,0xdeadbeef
0x46e4785e86da684b,0xdeadbeef
0x65df3f6791c9b26c,0xdeadbeef
0x8eeea4c70fbd409,0xdeadbeef
0x27e9b1557beb1e2a,0xdeadbeef
0x3d306b7d4d686f31,0xdeadbeef
0x1e35a47442792510,0xdeadbeef
0x7b25f98f63470373,0xdeadbeef
0x5c2b32865857b952,0xdeadbeef
0x4f0e40162f601743,0xdeadbeef
0x6e09071f3a4f6164,0xdeadbeef
0x1118b20419818301,0xdeadbeef
0x3013790d2470cd22,0xdeadbeef
0x3506a3c5a4e2c039,0xdeadbeef
0x160bdcbc99f37618,0xdeadbeef
0x72fc31d7bac1547b,0xdeadbeef
0x54016aceafd20a5a,0xdeadbeef
0x6779ba74e3ecc205,0xdeadbeef
0x487ef36bd8fd77e4,0xdeadbeef
0x5a90b7790634a9b9,0xdeadbeef
0x798b7e821123f3da,0xdeadbeef
0x147161af47d0667f,0xdeadbeef
0x336c28b852bfb0a0,0xdeadbeef
0x29842c62ce0e2dc3,0xdeadbeef
0xa896559c31ee3a2,0xdeadbeef
0x5f4ff2bd3b67130d,0xdeadbeef
0x40552bb43077c8ec,0xdeadbeef
0x62ba7f30aeba58b1,0xdeadbeef
0x7e4ab9c646565d2e,0xdeadbeef
0x1c9b2966f0561577,0xdeadbeef
0x3b95f06ffb455f98,0xdeadbeef
0x215a64ab25887ecb,0xdeadbeef
0x25f9da21a9934aa,0xdeadbeef
0x57262b0592e16415,0xdeadbeef
0x382b63fc87f219f4,0xdeadbeef
0x6ae446e8574007a9,0xdeadbeef
0x7620f20e9dd0ae36,0xdeadbeef
0x24c4f11e98dbc46f,0xdeadbeef
0x43bfb827a3cb0e90,0xdeadbeef
0x19309cf37d02cfd3,0xdeadbeef
0x5ca2a158dec7a4e,0xdeadbeef
0x4efc634dea5bb51d,0xdeadbeef
0x30019c44df6c6afc,0xdeadbeef
0x730e0e9fffc5b6a1,0xdeadbeef
0x6df72a56f54aff3e,0xdeadbeef
0x2ceeb8d641617367,0xdeadbeef
0x4be97fdf4c50bd88,0xdeadbeef
0x1106d53bd47d20db,0xdeadbeef
0xdf3f1cd36722946,0xdeadbeef
0x77df26ac79fc821b,0xdeadbeef
0x6926124a7b1433c4,0xdeadbeef
0x39e9989a641dedd9,0xdeadbeef
0x58e45fa36f0d37fa,0xdeadbeef
0xc35bd2f5a465561,0xdeadbeef
0x12c509d9b0a8f4c0,0xdeadbeef
0x4a2b4b417024e9a3,0xdeadbeef
0x2b30843865359f82,0xdeadbeef
0x7ff7119bdd7dceed,0xdeadbeef
0x60fc4a92d28e84cc,0xdeadbeef
0x421360520ca39cd1,0xdeadbeef
0x610e275b1792e6f2,0xdeadbeef
0x40bf577b1c0a669,0xdeadbeef
0x1aeed191592ea3b8,0xdeadbeef
0x42018389c79f3aab,0xdeadbeef
0x2306bc80bcaff08a,0xdeadbeef
0x77cd49e434f81ff5,0xdeadbeef
0x58d282db2a08d5d4,0xdeadbeef
0x4a3d2809b5294bc9,0xdeadbeef
0x6937ef12c01895ea,0xdeadbeef
0x41dd23ff6c5088f,0xdeadbeef
0x2318994901b452b0,0xdeadbeef
0x39d7bbd21f198bb3,0xdeadbeef
0x1adcf4c9142a4192,0xdeadbeef
0x6fa3822c8c7270fd,0xdeadbeef
0x50a8bb23818326dc,0xdeadbeef
0x5266efc15daefac1,0xdeadbeef
0x7161b6ca689e44e2,0xdeadbeef
0xc4799f79f4ab787,0xdeadbeef
0x2b426100aa3a01a8,0xdeadbeef
0x31adf41a7693dcbb,0xdeadbeef
0x12b32d116ba4929a,0xdeadbeef
0x262b7cb79fbf4a45,0xdeadbeef
0x730b5ae94d00024,0xdeadbeef
0x64210ac9b59dde87,0xdeadbeef
0x452643c0aaae9466,0xdeadbeef
0x55bf9f6c8bfdde3f,0xdeadbeef
0x74ba667596ed2860,0xdeadbeef
0x17ca115a761f49fd,0xdeadbeef
0x36c4d863810e941e,0xdeadbeef
0x1e01b4fff7399b4d,0xdeadbeef
0xf9120913b5aed4,0xdeadbeef
0x5bf743120d182f8f,0xdeadbeef
0x3cfc7c090228e56e,0xdeadbeef
0x5de9672434838d37,0xdeadbeef
0x7ce42e2d3f72d758,0xdeadbeef
0x1ff3d9121ea4f8f5,0xdeadbeef
0x3eeea01b29944316,0xdeadbeef
0x15d7ed484eb3ec55,0xdeadbeef
0x922d9c0bc3b5dcc,0xdeadbeef
0x53cd7b5a64928097,0xdeadbeef
0x34d2b45159a33676,0xdeadbeef
0x66132edbdd093c2f,0xdeadbeef
0x7af20a1b180779b0,0xdeadbeef
0x281da0c9c72aa7ed,0xdeadbeef
0x471867d2d219f20e,0xdeadbeef
0xdae2590a62e3d5d,0xdeadbeef
0x114ca17864c10cc4,0xdeadbeef
0x4ba3b3a2bc0cd19f,0xdeadbeef
0x2ca8ec99b11d877e,0xdeadbeef
0x6e3cf693858eeb27,0xdeadbeef
0x72c842636f81cab8,0xdeadbeef
0x304768816fb056e5,0xdeadbeef
0x4f422f8a7a9fa106,0xdeadbeef
0x46d29b9641d60625,0xdeadbeef
0x27d7d48d36e6bc04,0xdeadbeef
0x7b37d657a84b6599,0xdeadbeef
0x65cd629f4cc55046,0xdeadbeef
0x3518808de9e7225f,0xdeadbeef
0x54134796f4d66c80,0xdeadbeef
0x8dd0d842bf771e3,0xdeadbeef
0x161db984def7d83e,0xdeadbeef
0x3ea8d3de9950572d,0xdeadbeef
0x1fae0cd58e610d0c,0xdeadbeef
0x7c9e61f0af2eeb6f,0xdeadbeef
0x5da39ae7a43fa14e,0xdeadbeef
0x3d424845926cd157,0xdeadbeef
0x5c3d0f4e9d5c1b78,0xdeadbeef
0xb345cc8371c2eb,0xdeadbeef
0x1e47813c877d8736,0xdeadbeef
0x367f0c26f0caa835,0xdeadbeef
0x1784451de5db5e14,0xdeadbeef
0x74749a3906a93c77,0xdeadbeef
0x5579d32ffbb9f256,0xdeadbeef
0x456c0ffd3af2804f,0xdeadbeef
0x6466d70645e1ca70,0xdeadbeef
0x77681eb2513ec0d,0xdeadbeef
0x267148f43003362e,0xdeadbeef
0x2e55446f4844f93d,0xdeadbeef
0xf5a7d663d55af1c,0xdeadbeef
0x6c4ad2815e238d7f,0xdeadbeef
0x4d500b785334435e,0xdeadbeef
0x4d95d7b4e3782f47,0xdeadbeef
0x6c909ebdee677968,0xdeadbeef
0xfa049a2cd999b05,0xdeadbeef
0x2e9b10abd888e526,0xdeadbeef
0x1b22c105a46e2d7b,0xdeadbeef
0x3a1d880eaf5d779c,0xdeadbeef
0x22d2cd0c717066c7,0xdeadbeef
0x3d8060366811ca6,0xdeadbeef
0x68f222d62fd4aa01,0xdeadbeef
0x49f75bcd24e55fe0,0xdeadbeef
0x59184f17ba4cc1bd,0xdeadbeef
0x78131620c53c0bde,0xdeadbeef
0x234c88bd4cf3dc73,0xdeadbeef
0x42474fc657e32694,0xdeadbeef
0x1aa90554c8eab7cf,0xdeadbeef
0x451c1b442049252,0xdeadbeef
0x60c85b1e874efb09,0xdeadbeef
0x41cd94157c5fb0e8,0xdeadbeef
0x614216cf62d270b5,0xdeadbeef
0x7fc32227923e452a,0xdeadbeef
0x2b765074f5798b6b,0xdeadbeef
0x4a71177e0068d58c,0xdeadbeef
0x127f3d9d206508d7,0xdeadbeef
0xc7b896bea8a414a,0xdeadbeef
0x589e9366dec94c11,0xdeadbeef
0x39a3cc5dd3da01f0,0xdeadbeef
0x696bde870b581fad,0xdeadbeef
0x77995a6fe9b89632,0xdeadbeef
0x33a0182c9dff3a63,0xdeadbeef
0x529adf35a8ee8484,0xdeadbeef
0xa5575e577df59df,0xdeadbeef
0x14a55123930ff042,0xdeadbeef
0x5074cbaf36439d19,0xdeadbeef
0x317a04a62b5452f8,0xdeadbeef
0x7195a63eb3ddcea5,0xdeadbeef
0x6f6f92b84132e73a,0xdeadbeef
0x5845dd8fda88e65,0xdeadbeef
0x197669300d46bbbc,0xdeadbeef
0x4379ebeb138722a7,0xdeadbeef
0x247f24e20897d886,0xdeadbeef
0x7666be4b2e149a1f,0xdeadbeef
0x6a9e7aabc6fc1bc0,0xdeadbeef
0x38713039183605dd,0xdeadbeef
0x576bf74223254ffe,0xdeadbeef
0x2a569deaadd2093,0xdeadbeef
0x21a030e7b5cc6ab4,0xdeadbeef
0x3b5024336b0173af,0xdeadbeef
0x1c555d2a6012298e,0xdeadbeef
0x7e908602d69a4917,0xdeadbeef
0x6274b2f41e766cc8,0xdeadbeef
0x409af7f0c0bbb4d5,0xdeadbeef
0x5f95bef9cbaafef6,0xdeadbeef
0xacf31965362cf8b,0xdeadbeef
0x29c9f89f5e5219ac,0xdeadbeef
0x33265c7bc27bc4b7,0xdeadbeef
0x142b9572b78c7a96,0xdeadbeef
0x7945b24580e007f1,0xdeadbeef
0x5a4aeb3c75f0bdd0,0xdeadbeef
0x48c4bfa8694163cd,0xdeadbeef
0x67bf86b17430adee,0xdeadbeef
0x12f8f94dfbe87e83,0xdeadbeef
0x31f3c05706d7c8a4,0xdeadbeef
0x2afc94c419f615bf,0xdeadbeef
0xc01cdbb0f06cb9e,0xdeadbeef
0x711bea8dd85a58f9,0xdeadbeef
0x52212384cd6b0ed8,0xdeadbeef
0x50ee876011c712c5,0xdeadbeef
0x6fe94e691cb65ce6,0xdeadbeef
0x1c8a835829b99916,0xdeadbeef
0x4f1facb36efec27f,0xdeadbeef
0x216b0ab9ec24fb2c,0xdeadbeef
0x72eac53a7b22a93f,0xdeadbeef
0x678a6083aa893e66,0xdeadbeef
0x2ccb6f70bcbe6605,0xdeadbeef
0x5a80116a3f982d58,0xdeadbeef
0x112a1ea159202e3d,0xdeadbeef
0x24b44b0fd23f480e,0xdeadbeef
0x46f5e4fbc6791387,0xdeadbeef
0x19414302439f4c34,0xdeadbeef
0x7b148cf223a85837,0xdeadbeef
0x5f6098cc02038f6e,0xdeadbeef
0x34f53728654414fd,0xdeadbeef
0x62a9d921e81ddc50,0xdeadbeef
0x90056e9b09a7f45,0xdeadbeef
0x2cde12c77ac4f706,0xdeadbeef
0x3ecc1d441df3648f,0xdeadbeef
0x11177b4a9b199d3c,0xdeadbeef
0x7cc1ab5633d1f8d1,0xdeadbeef
0x5736d114597de076,0xdeadbeef
0x3d1efee00dc9c3f5,0xdeadbeef
0x6ad3a0d990a38b48,0xdeadbeef
0xd68f320814d04d,0xdeadbeef
0x3507da7f234aa5fe,0xdeadbeef
0x36a2558c756db597,0xdeadbeef
0x8edb392f293ee44,0xdeadbeef
0x7497e39e8b4c49d9,0xdeadbeef
0x4f0d095cb0f8317e,0xdeadbeef
0x4548c697b64f72ed,0xdeadbeef
0x72fd689139293a40,0xdeadbeef
0x7533885a070deab,0xdeadbeef
0x41c9b86785d22ca,0xdeadbeef
0x6fc6cb9211157e5f,0xdeadbeef
0x421229988e3bb70c,0xdeadbeef
0x5243a65bd90bed5f,0xdeadbeef
0x77ce809db36005ba,0xdeadbeef
0xc2450921aa7aa25,0xdeadbeef
0x39d8f28b9d817178,0xdeadbeef
0x31d13d7ffb36ea1d,0xdeadbeef
0x40d2c3130288c2e,0xdeadbeef
0x679d03da688fcf67,0xdeadbeef
0x39e861e0e5b60814,0xdeadbeef
0x5a6d6e1381919c57,0xdeadbeef
0x7ff848555be5b4b2,0xdeadbeef
0x144e1849c32d591d,0xdeadbeef
0x4202ba4346072070,0xdeadbeef
0x29a775c852b13b25,0xdeadbeef
0xc36f3e8d8ae3b26,0xdeadbeef
0x5f733c22c00a206f,0xdeadbeef
0x31be9a293d30591c,0xdeadbeef
0x629735cb2a174b4f,0xdeadbeef
0x77ddeff2fb949c56,0xdeadbeef
0x1c77e0016bb30815,0xdeadbeef
0x4a2c81faee8ccf68,0xdeadbeef
0x217dae10aa2b8c2d,0xdeadbeef
0x1460bba08133ea1e,0xdeadbeef
0x5749746b17847177,0xdeadbeef
0x2994d27194aaaa24,0xdeadbeef
0x6ac0fd82d29cfa47,0xdeadbeef
0x6fb4283b530eed5e,0xdeadbeef
0x24a1a7b91438b70d,0xdeadbeef
0x525649b297127e60,0xdeadbeef
0x1953e65901a5dd35,0xdeadbeef
0x5dd8c1156de710d6,0xdeadbeef
0xdd16ef62ad14abf,0xdeadbeef
0x1fe3330358087c94,0xdeadbeef
0x4bc6fd0840afdf01,0xdeadbeef
0x263c22c6665bc6a6,0xdeadbeef
0x6e19ad2e00ebddc5,0xdeadbeef
0x6431b0d87c3a5ae8,0xdeadbeef
0x30241f1beb0d4983,0xdeadbeef
0x660288cd166cbfce,0xdeadbeef
0x5a7a73e824b9bc7,0xdeadbeef
0x280cfabb008e2b8c,0xdeadbeef
0x439d3550982a3009,0xdeadbeef
0x1e125b0ebdd617ae,0xdeadbeef
0x764374e5a9718cbd,0xdeadbeef
0x5c07e920d3b4abf0,0xdeadbeef
0x384de6d39392f87b,0xdeadbeef
0x6e2c5084bef26ec6,0xdeadbeef
0x2822079263a1331,0xdeadbeef
0x3036c272a913da84,0xdeadbeef
0x3b736d98efa48111,0xdeadbeef
0x15e89357155068b6,0xdeadbeef
0x7e6d3c9d51f73bb5,0xdeadbeef
0x53de21692b2efcf8,0xdeadbeef
0x4077ae8b3c18a773,0xdeadbeef
0x7656183c67781dbe,0xdeadbeef
0xaabe830cebfc229,0xdeadbeef
0x38608a2a5199897c,0xdeadbeef
0x3349a5e1471ed219,0xdeadbeef
0xdbecb9f6ccab9be,0xdeadbeef
0x7968fbab05831553,0xdeadbeef
0x4bb459b182a94e00,0xdeadbeef
0x48a17642e49e566b,0xdeadbeef
0x3d31a236cbd054f6,0xdeadbeef
0x2e788dd4cce8069f,0xdeadbeef
0xc3ebdb4a0e3f4c,0xdeadbeef
0x6c6e1be6e2c69ae1,0xdeadbeef
0x46e341a508728286,0xdeadbeef
0x4d728e4f5ed521e5,0xdeadbeef
0x7b273048e1aee938,0xdeadbeef
0xf7d003d48f68da3,0xdeadbeef
0x455b69ee745603ee,0xdeadbeef
0x264ec61d246257a7,0xdeadbeef
0x765dbdc5e776fac,0xdeadbeef
0x6444542f3a40ebe9,0xdeadbeef
0x3eb979ed5fecd38e,0xdeadbeef
0x559c5607075ad0dd,0xdeadbeef
0x7caf07ff75cb67d0,0xdeadbeef
0x17a6c7f4f17c3c9b,0xdeadbeef
0x4d8531a61cdbb2e6,0xdeadbeef
0x1e24fe657bdca8af,0xdeadbeef
0xf8fa39406fd1ea4,0xdeadbeef
0x5c1a8c7791bb3cf1,0xdeadbeef
0x368fb235b7672496,0xdeadbeef
0x5dc61dbeafe07fd5,0xdeadbeef
0x74854047cd45b8d8,0xdeadbeef
0x1fd08fac9a01eb93,0xdeadbeef
0x55aef95dc56161de,0xdeadbeef
0x15fb36add356f9b7,0xdeadbeef
0x17b96b4baf82cd9c,0xdeadbeef
0x53f0c4bfe9358df9,0xdeadbeef
0x2e65ea7e0ee1759e,0xdeadbeef
0x65efe57658662ecd,0xdeadbeef
0x6c5b789024c009e0,0xdeadbeef
0x27fa576442879a8b,0xdeadbeef
0x60d9012d4deb776a,0xdeadbeef
0x337ccec7195c2d01,0xdeadbeef
0x613170c09c35f454,0xdeadbeef
0xa78bf4afc826741,0xdeadbeef
0x1b121af6ddd1b11a,0xdeadbeef
0x50981514bae6aa7b,0xdeadbeef
0x22e3731b380ce328,0xdeadbeef
0x71725cd92f3ac143,0xdeadbeef
0x58af3975a565c872,0xdeadbeef
0x3ba6967ec1e1dbf9,0xdeadbeef
0x695b387844bba34c,0xdeadbeef
0x24ef79353fcb849,0xdeadbeef
0x233be2ae86576012,0xdeadbeef
0x486e4d5d1260fb83,0xdeadbeef
0x1ab9ab638f873430,0xdeadbeef
0x799c2490d7c0703b,0xdeadbeef
0x508571bdfce0197a,0xdeadbeef
0x43d05e366a678af1,0xdeadbeef
0x7185002fed415244,0xdeadbeef
0x5dad0245488f6af,0xdeadbeef
0x2b65aa662edd0f0a,0xdeadbeef
0x404485a569db4c8b,0xdeadbeef
0x128fe3abe7018538,0xdeadbeef
0x7e3a13b77fb9e0cd,0xdeadbeef
0x485baa06545a6a82,0xdeadbeef
0x4bfa25ee12ed39e9,0xdeadbeef
0x79aec7e795c7013c,0xdeadbeef
0xe0497dbfd0ea5a7,0xdeadbeef
0x338f721dd762be02,0xdeadbeef
0x381abdedc1559d93,0xdeadbeef
0xa661bf43e7bd640,0xdeadbeef
0x76104bffd73431d5,0xdeadbeef
0x7e7fdff40ffdccb6,0xdeadbeef
0x12d5afe877457121,0xdeadbeef
0x408a51e1fa1f3874,0xdeadbeef
0x2b1fde299e992321,0xdeadbeef
0x59503e7c4450ac6,0xdeadbeef
0x713f33f35cfd665b,0xdeadbeef
0x438a91f9da239f08,0xdeadbeef
0x50cb3dfa8d240563,0xdeadbeef
0x79565854477c8452,0xdeadbeef
0x1aff77a01fcb2019,0xdeadbeef
0x48b41999a2a4e76c,0xdeadbeef
0x22f61671f6137429,0xdeadbeef
0x294c3cfe440a432,0xdeadbeef
0x69156c3bb477b763,0xdeadbeef
0x3b60ca42319df010,0xdeadbeef
0x58f505b235a9b45b,0xdeadbeef
0x712c909c9ef6d55a,0xdeadbeef
0x23293f57c850cf11,0xdeadbeef
0x50dde1514b2a9664,0xdeadbeef
0x1acc4eba4d8dc531,0xdeadbeef
0xabe8b878cc6532a,0xdeadbeef
0x60eba4840bf2086b,0xdeadbeef
0x3337028a89184118,0xdeadbeef
0x611ecd69de2f6353,0xdeadbeef
0x6902c8e4f6712662,0xdeadbeef
0x2b53070f70d67e09,0xdeadbeef
0x5907a908f3b0455c,0xdeadbeef
0x12a28702a5081639,0xdeadbeef
0x12e8533f354c0222,0xdeadbeef
0x58c1dccc636c5973,0xdeadbeef
0x2b0d3ad2e0929220,0xdeadbeef
0x6948952186b5124b,0xdeadbeef
0x1f8ac37009bdffaa,0xdeadbeef
0x74cb0c845d89a4c1,0xdeadbeef
0x5d8051821f9c93ec,0xdeadbeef
0x36d57e7247ab107f,0xdeadbeef
0x5c6058b421ff28da,0xdeadbeef
0xf49d75776b932bb,0xdeadbeef
0x1e6acaa20c209498,0xdeadbeef
0x4d3f65698c97c6fd,0xdeadbeef
0x1760fbb8613850b2,0xdeadbeef
0x7cf4d43c060f53b9,0xdeadbeef
0x555689ca7716e4f4,0xdeadbeef
0x3eff4629f030bf77,0xdeadbeef
0x648a206bca84d7d2,0xdeadbeef
0x7200f9fce3383c3,0xdeadbeef
0x26949259b4a64390,0xdeadbeef
0x45159db1e4121805,0xdeadbeef
0xf373400b8b2a1ba,0xdeadbeef
0x7ae1640c516afd4f,0xdeadbeef
0x4d2cc212ce9135fc,0xdeadbeef
0x47290de198b66e6f,0xdeadbeef
0x6cb3e823730a86ca,0xdeadbeef
0x109b817da522b35,0xdeadbeef
0x2ebe5a115d2bf288,0xdeadbeef
0x3cebd5fa3b8c690d,0xdeadbeef
0x70d6c49102cf2c2,0xdeadbeef
0x72b79c54a8e54e57,0xdeadbeef
0x4502fa5b260b8704,0xdeadbeef
0x4f52d599413c1d67,0xdeadbeef
0x74ddafdb1b9035c2,0xdeadbeef
0x9337fcf82d7da2d,0xdeadbeef
0x36e821c905b1a180,0xdeadbeef
0x34c20e429306ba15,0xdeadbeef
0x4031e24eabd4bb8a,0xdeadbeef
0x5423eda5bb72e8e1,0xdeadbeef
0x7e277060c1b34fcc,0xdeadbeef
0x162e5f93a594549f,0xdeadbeef
0x3bb939d57fe86cfa,0xdeadbeef
0x2ff0f63618cfee9b,0xdeadbeef
0x23c543c95f62748,0xdeadbeef
0x6de684482eae82dd,0xdeadbeef
0x38081a97034f0c92,0xdeadbeef
0x5c4db55d63f897d9,0xdeadbeef
0x75fda8a9192da0d4,0xdeadbeef
0x1e58274b4e1a0397,0xdeadbeef
0x43e3018d286e1bf2,0xdeadbeef
0x27c72e7e704a3fa3,0xdeadbeef
0x5ed737b128f87b0,0xdeadbeef
0x65bcbc908628d3e5,0xdeadbeef
0x2fde52df5ac95d9a,0xdeadbeef
0x64777d150c7e46d1,0xdeadbeef
0x6dd3e0f170a7f1dc,0xdeadbeef
0x2681ef02f69fb28f,0xdeadbeef
0x4c0cc944d0f3caea,0xdeadbeef
0x1f9d66c6c7c490ab,0xdeadbeef
0xe173b32bb1536a8,0xdeadbeef
0x5d92f4d8dda324ed,0xdeadbeef
0x27b48b27b243aea2,0xdeadbeef
0x6ca144ccb503f5c9,0xdeadbeef
0x65aa1939c82242e4,0xdeadbeef
0x2eabb6ba9f256187,0xdeadbeef
0x543690fc797979e2,0xdeadbeef
0x17739f0f1f3ee1b3,0xdeadbeef
0x164102ea639ae5a0,0xdeadbeef
0x55692d21351d75f5,0xdeadbeef
0x1e23011d8472940f,0xdeadbeef
0x1472283dc0d2955a,0xdeadbeef
0x71627d58e1a073bd,0xdeadbeef
0x3d1dc8268f61de30,0xdeadbeef
0x5dc81b06a74a9475,0xdeadbeef
0x6778f3e66aea932a,0xdeadbeef
0xa889ecb4a1cb4c7,0xdeadbeef
0x3ecd53fd9c5b4a54,0xdeadbeef
0x15f93965dbece517,0xdeadbeef
0xc486086184ce662,0xdeadbeef
0x6938b5a1391ac4c5,0xdeadbeef
0x34f4006ee6dc2f38,0xdeadbeef
0x65f1e2be4fd0436d,0xdeadbeef
0x6fa2bb9e13704222,0xdeadbeef
0x12b26682f2a263bf,0xdeadbeef
0x46f71bb544e0f94c,0xdeadbeef
0xdcf71ae3367361f,0xdeadbeef
0x41e98ce6fc7376a,0xdeadbeef
0x610eede9909515cd,0xdeadbeef
0x2cca38b73e568040,0xdeadbeef
0x6e1baa75f855f265,0xdeadbeef
0x77cc8355bbf5f11a,0xdeadbeef
0x1adc2e3a9b2812b7,0xdeadbeef
0x4f20e36ced66a844,0xdeadbeef
0x5a5a9f68ae18727,0xdeadbeef
0x40b2ee938be778e,0xdeadbeef
0x58e52631e80f66d5,0xdeadbeef
0x24a070ff95d0d148,0xdeadbeef
0x7645722da0dba15d,0xdeadbeef
0x7ff64b0d647ba012,0xdeadbeef
0x2305f5f243adc1af,0xdeadbeef
0x574aab2495ec573c,0xdeadbeef
0x3eca1ffc26894fef,0xdeadbeef
0x3519471c62e9513a,0xdeadbeef
0x6df663c87c48d063,0xdeadbeef
0x5dc4e70531789a10,0xdeadbeef
0x3d20fc280533d895,0xdeadbeef
0x46d1d507c8d3d74a,0xdeadbeef
0x161e801357fa0719,0xdeadbeef
0x1e26351efa448e74,0xdeadbeef
0x36a058447e03a0f7,0xdeadbeef
0x2cef7f64ba63a242,0xdeadbeef
0x76202b8024ce7f5b,0xdeadbeef
0x559b1f4d88f2eb18,0xdeadbeef
0x454ac3dfadb9878d,0xdeadbeef
0x4efb9cbf71598642,0xdeadbeef
0xdf4b85baf745821,0xdeadbeef
0x264ffcd6a2ca3d6c,0xdeadbeef
0x2e76908cd57df1ff,0xdeadbeef
0x24c5b7ad11ddf34a,0xdeadbeef
0x7e49f337cd542e53,0xdeadbeef
0x4d715795e06d3c20,0xdeadbeef
0x4d748b97563f3685,0xdeadbeef
0x5725647719df353a,0xdeadbeef
0x5caf0a406eea929,0xdeadbeef
0x2e79c48e4b4fec64,0xdeadbeef
0x264cc8d52cf84307,0xdeadbeef
0x1c9beff569584452,0xdeadbeef
0x798c45108a2622b5,0xdeadbeef
0x45478fde37e78d28,0xdeadbeef
0x559e534efec4e57d,0xdeadbeef
0x5f4f2c2ec264e432,0xdeadbeef
0x25ed713a19705cf,0xdeadbeef
0x36a38c45f3d59b5c,0xdeadbeef
0x232b3c9fbfbae3b1,0xdeadbeef
0x2cdc157f835ae266,0xdeadbeef
0x30143f9b9d72fbfd,0xdeadbeef
0x4307596b4cb9990,0xdeadbeef
0x60e9a73c1487f3cb,0xdeadbeef
0x5738ce5c50e7f516,0xdeadbeef
0x4bd6dc888e4a2c87,0xdeadbeef
0x7fe46e451f773dec,0xdeadbeef
0x2b550457684092a9,0xdeadbeef
0x3505dd372be0915e,0xdeadbeef
0x27ea77e3f4ed4d05,0xdeadbeef
0xc5a3d4e5d514888,0xdeadbeef
0x58bfdf846c0244d3,0xdeadbeef
0x4f0f06a4a862461e,0xdeadbeef
0x5400a44036cfdb7f,0xdeadbeef
0x77baa68d76f18ef4,0xdeadbeef
0x337ecc0f10c641a1,0xdeadbeef
0x3d2fa4eed4664056,0xdeadbeef
0x1fc0b02c4c679e0d,0xdeadbeef
0x1484050605d6f780,0xdeadbeef
0x509617ccc37c95db,0xdeadbeef
0x46e53eecffdc9726,0xdeadbeef
0x5c2a6bf7df558a77,0xdeadbeef
0x6f90ded5ce6bdffc,0xdeadbeef
0x3ba893c6b94bf099,0xdeadbeef
0x45596ca67cebef4e,0xdeadbeef
0x1796e874a3e1ef15,0xdeadbeef
0x1cadccbdae5ca678,0xdeadbeef
0x486c50151af6e6e3,0xdeadbeef
0x3ebb77355756e82e,0xdeadbeef
0x645433af87db396f,0xdeadbeef
0x6767171e25e63104,0xdeadbeef
0x2841dc11da427d1,0xdeadbeef
0xc34f6a0e1442686,0xdeadbeef
0x50bb5e7a3f89b7dd,0xdeadbeef
0x1c76a947ed4b2250,0xdeadbeef
0x7e6f39e549615055,0xdeadbeef
0x77dfed3af2feb0f6,0xdeadbeef
0x2b2fbda9ec3370a7,0xdeadbeef
0x5f7472dc3e720634,0xdeadbeef
0xaade578c629d6c9,0xdeadbeef
0x145ebe5889c9d57e,0xdeadbeef
0x489196c2970408e5,0xdeadbeef
0x144ce19044c57358,0xdeadbeef
0x7966fe630e1900b3,0xdeadbeef
0x6fb625834a7901fe,0xdeadbeef
0x3359856194b91f9f,0xdeadbeef
0x679e3a93e6f7b52c,0xdeadbeef
0x12d7ad306eaf85c1,0xdeadbeef
0x1c888610324f8476,0xdeadbeef
0x4067cf0aee7e59ed,0xdeadbeef
0xc2319d89c3fc460,0xdeadbeef
0x713d36ab659351bb,0xdeadbeef
0x678c5dcba1f35306,0xdeadbeef
0x3b834d193d3ece97,0xdeadbeef
0x6fc8024b8f7d6424,0xdeadbeef
0x1b0174e8173534b9,0xdeadbeef
0x24b24dc7dad5336e,0xdeadbeef
0x383e075345f8aaf5,0xdeadbeef
0x3f95220f3ba1568,0xdeadbeef
0x69136ef3bd0da2c3,0xdeadbeef
0x5f629613f96da40e,0xdeadbeef
0x43ad14d0e5c47d8f,0xdeadbeef
0x77f1ca033803131c,0xdeadbeef
0x64797a5d03e85b71,0xdeadbeef
0x6e2a533cc7885a26,0xdeadbeef
0x1139fe21a6ba7bc3,0xdeadbeef
0x457eb353f8f91150,0xdeadbeef
0x1f9b697ed05a7c0b,0xdeadbeef
0x15ea909f0cba7d56,0xdeadbeef
0x72dae5ba2d885bb9,0xdeadbeef
0x3e963087db49c62c,0xdeadbeef
0x6ca34214ac6e0a69,0xdeadbeef
0x76541af4700e091e,0xdeadbeef
0x1963c5d94f402abb,0xdeadbeef
0x4da87b0ba17ec048,0xdeadbeef
0x1771a1c727d4cd13,0xdeadbeef
0xdc0c8e76434ce5e,0xdeadbeef
0x6ab11e028502acc1,0xdeadbeef
0x366c68d032c41734,0xdeadbeef
0x74cd09cc54f3b961,0xdeadbeef
0x7e7de2ac1893b816,0xdeadbeef
0x218d8d90f7c5d9b3,0xdeadbeef
0x55d242c34a046f40,0xdeadbeef
0xf47da0f7f4f1e1b,0xdeadbeef
0x597012fbbaf1f66,0xdeadbeef
0x6287564adc7cfdc9,0xdeadbeef
0x2e42a1188a3e683c,0xdeadbeef
0x7cf6d183fd796859,0xdeadbeef
0x7958559c3ee698f2,0xdeadbeef
0x29b75548a04b88ab,0xdeadbeef
0x5dfc0a7af28a1e38,0xdeadbeef
0x71e1257d6c96f23,0xdeadbeef
0x292c687ecd68f92,0xdeadbeef
0x5a5d8e9333f74ed1,0xdeadbeef
0x2618d960e1b8b944,0xdeadbeef
0x43d25b7e61d19f91,0xdeadbeef
0x4d83345e25719e46,0xdeadbeef
0xf6d20bcfb5c401d,0xdeadbeef
0x24d7947556e25570,0xdeadbeef
0x4042885d727137eb,0xdeadbeef
0x3691af7daed13936,0xdeadbeef
0x6c7dfb673060e867,0xdeadbeef
0x5f3d4f667d60820c,0xdeadbeef
0x4bfc23360a574e89,0xdeadbeef
0x55acfc15cdf74d3e,0xdeadbeef
0x743590552d69125,0xdeadbeef
0x2d015c2cff680468,0xdeadbeef
0x3818c0a5c9eb88f3,0xdeadbeef
0x2e67e7c6064b8a3e,0xdeadbeef
0x74a7c31ed8e6975f,0xdeadbeef
0x571387aed4dad314,0xdeadbeef
0x5425eaedb2dcfd81,0xdeadbeef
0x5dd6c3cd767cfc36,0xdeadbeef
0xe66eb255af1dd3,0xdeadbeef
0x352b23e4a7edb360,0xdeadbeef
0x2feef8ee2165d9fb,0xdeadbeef
0x263e200e5dc5db46,0xdeadbeef
0x7cd18ad6816c4657,0xdeadbeef
0x4ee9bff72c55241c,0xdeadbeef
0x5c4fb2a55b62ac79,0xdeadbeef
0x66008b851f02ab2e,0xdeadbeef
0x9103669fe34cccb,0xdeadbeef
0x3d54eb9c50736258,0xdeadbeef
0x27c5313678e02b03,0xdeadbeef
0x1e145856b5402c4e,0xdeadbeef
0x7b04ad71d60e0ab1,0xdeadbeef
0x46bff83f83cf7524,0xdeadbeef
0x5a3847e5b7ea2ccf,0xdeadbeef
0x50876f05f44a2e1a,0xdeadbeef
0x52883bdeeae7f383,0xdeadbeef
0x79330eeec2d976f0,0xdeadbeef
0x21b2d43e73d2fbb5,0xdeadbeef
0x2b63ad1e3772fa6a,0xdeadbeef
0x318ca7fce95ae3f9,0xdeadbeef
0x2b80d3568e3b194,0xdeadbeef
0x520e802e0f647dd7,0xdeadbeef
0x485da74e4bc47f22,0xdeadbeef
0x5ab20396936da27b,0xdeadbeef
0x710947371a53c7f8,0xdeadbeef
0x29dc9bf61c58aaad,0xdeadbeef
0x338d74d5dff8a962,0xdeadbeef
0x2962e04540d53501,0xdeadbeef
0xae1d4ed1169608c,0xdeadbeef
0x49e4b87666decedf,0xdeadbeef
0x4033df96a33ed02a,0xdeadbeef
0x62dbcb4e3bf35173,0xdeadbeef
0x68df7f7f71ce1900,0xdeadbeef
0x320663adc4de59a5,0xdeadbeef
0x3bb73c8d887e585a,0xdeadbeef
0x2139188d984f8609,0xdeadbeef
0x130b9ca4b9ef0f84,0xdeadbeef
0x41baf0bebe591fe7,0xdeadbeef
0x380a17defab92132,0xdeadbeef
0x6b059305e479006b,0xdeadbeef
0x60b5b7c7c9486a08,0xdeadbeef
0x3a302b656d64089d,0xdeadbeef
0x43e1044531040752,0xdeadbeef
0x190f50d5efc9d711,0xdeadbeef
0x1b35645c6274be7c,0xdeadbeef
0x7adf66c45a00e8af,0xdeadbeef
0x712e8de49660e9fa,0xdeadbeef
0x31e11d0048d137a3,0xdeadbeef
0x6625d2329b0fcd30,0xdeadbeef
0x10bb55fd1bc3fd5,0xdeadbeef
0xabc8e3f955c3e8a,0xdeadbeef
0x5233c6db8b719fd9,0xdeadbeef
0x1def11a939330a4c,0xdeadbeef
0x72b59f0cb17b39b7,0xdeadbeef
0x6904c62ceddb3b02,0xdeadbeef
0x3a0ae4b7f156e69b,0xdeadbeef
0x6e4f99ea43957c28,0xdeadbeef
0x9357d177a41eecd,0xdeadbeef
0x12e655f73de1ed82,0xdeadbeef
0x4a09ff23e2ebf0e1,0xdeadbeef
0x15c549f190ad5b54,0xdeadbeef
0x6a8bd75508f58abf,0xdeadbeef
0x60dafe7545558c0a,0xdeadbeef
0x4234ac6f99dc9593,0xdeadbeef
0x767961a1ec1b2b20,0xdeadbeef
0x115f44cf22c79dc5,0xdeadbeef
0x1b101daee6679c7a,0xdeadbeef
0x41e0376c3a6641e9,0xdeadbeef
0xd9b8239e827ac5c,0xdeadbeef
0x62620f9d606fdbc7,0xdeadbeef
0x58b136bd9ccfdd12,0xdeadbeef
0x4a5e74274262448b,0xdeadbeef
0x7ea3295994a0da18,0xdeadbeef
0x19890c86cb4d4cbd,0xdeadbeef
0x2339e5668eed4b72,0xdeadbeef
0x39b66fb491e092f1,0xdeadbeef
0x571ba823fa1fd64,0xdeadbeef
0x58d08593329ec134,0xdeadbeef
0x263b5c37ed5997cb,0xdeadbeef
0x53effe3170335f1e,0xdeadbeef
0x27043b0e135b10b,0xdeadbeef
0x231a9690f91e6750,0xdeadbeef
0x5dd987a3e6e93fb1,0xdeadbeef
0x3024e5aa640f785e,0xdeadbeef
0x797ad8734a877779,0xdeadbeef
0x50a6bddb8a19123c,0xdeadbeef
0x2e6523ef95df46c3,0xdeadbeef
0x5c19c5e918b90e16,0xdeadbeef
0x5b98406c74ffded,0xdeadbeef
0x2b445e48a1a41648,0xdeadbeef
0x55afbfec3e6390b9,0xdeadbeef
0x27fb1df2bb89c966,0xdeadbeef
0x7e5b5fd50cf2d98f,0xdeadbeef
0x487cf623e1936344,0xdeadbeef
0x368eeba73e64f5bb,0xdeadbeef
0x64438da0c13ebd0e,0xdeadbeef
0xde34bbe6fd5ace5,0xdeadbeef
0x336e26004a29c540,0xdeadbeef
0x4d85f83495dde1c1,0xdeadbeef
0x1fd1563b13041a6e,0xdeadbeef
0x7631981d646d2a97,0xdeadbeef
0x40532e6c390db44c,0xdeadbeef
0x3eb8b35ee6eaa4b3,0xdeadbeef
0x6c6d555869c46c06,0xdeadbeef
0x160d1376185b5bdd,0xdeadbeef
0x3b97edb7f2af7438,0xdeadbeef
0x455c307ced5832c9,0xdeadbeef
0x17a78e836a7e6b76,0xdeadbeef
0x6e07d065bbe77b9f,0xdeadbeef
0x7977a471d4b57d14,0xdeadbeef
0x5943d594b42dbeb,0xdeadbeef
0x3348df52ce1ca33e,0xdeadbeef
0x2317628f834c6ceb,0xdeadbeef
0x27377b25707ab70,0xdeadbeef
0x7e80a68288fffb91,0xdeadbeef
0x50cc04890626343e,0xdeadbeef
0x58d3b994a870bb99,0xdeadbeef
0x714ddcba2c2fce1c,0xdeadbeef
0xdbe0510f3c88ae3,0xdeadbeef
0x3b72a70a76a25236,0xdeadbeef
0x1aed9ad7dac6bdf3,0xdeadbeef
0xa9d3f69ff8d5a68,0xdeadbeef
0x7656decae07a4c99,0xdeadbeef
0x48a23cd15da08546,0xdeadbeef
0x60fd814c50f66a91,0xdeadbeef
0x6924150283aa1f24,0xdeadbeef
0x15e7ccc89c4e39db,0xdeadbeef
0x439c6ec21f28012e,0xdeadbeef
0x12c3d32032410efb,0xdeadbeef
0x12c70721a8130960,0xdeadbeef
0x6e2d171337f49da1,0xdeadbeef
0x40787519b51ad64e,0xdeadbeef
0x69274903f97c1989,0xdeadbeef
0x60fa4d4adb24702c,0xdeadbeef
0x1e11948044d3e8d3,0xdeadbeef
0x4bc63679c7adb026,0xdeadbeef
0xa9a0b6889bb6003,0xdeadbeef
0x1af0ced95098b858,0xdeadbeef
0x66034f5b8f6eeea9,0xdeadbeef
0x384ead620c952756,0xdeadbeef
0x715110bba201c881,0xdeadbeef
0x178247d5ee714974,0xdeadbeef
0x678999f531870f8b,0xdeadbeef
0x6ac1c4114b9f2922,0xdeadbeef
0x3eddfa0c62f7c6b5,0xdeadbeef
0x6468d44e3d4bdf10,0xdeadbeef
0x1c8b49e6a2bbc7f1,0xdeadbeef
0x11295812e01dff62,0xdeadbeef
0x4536e9cf714b10c7,0xdeadbeef
0xf58801e45eb9a7c,0xdeadbeef
0x6fb361acda0cbe83,0xdeadbeef
0x6297fc59a3197a2a,0xdeadbeef
0x4707c1c40b7d75ad,0xdeadbeef
0x6c929c05e5d18e08,0xdeadbeef
0x1461822efa3618f9,0xdeadbeef
0x19531fca88a3ae5a,0xdeadbeef
0x3d0d2217c8c561cf,0xdeadbeef
0x72eb8669d65eb84,0xdeadbeef
0x77dd296482926d7b,0xdeadbeef
0x5a6e34a1fa93cb32,0xdeadbeef
0x4f31897bb40324a5,0xdeadbeef
0x74bc63bd8e573d00,0xdeadbeef
0xc37ba7751b06a01,0xdeadbeef
0x217ce78231295d52,0xdeadbeef
0x34e35a60203fb2d7,0xdeadbeef
0xfb0f510b1fc374,0xdeadbeef
0x7ff90ee3d4e7e38d,0xdeadbeef
0x52446cea520e1c3a,0xdeadbeef
0x575b51335c88d39d,0xdeadbeef
0x7ce62b7536dcebf8,0xdeadbeef
0x40df2bfa92abb09,0xdeadbeef
0x29a6af39d9af0c4a,0xdeadbeef
0x2cb992a877ba03df,0xdeadbeef
0x382966b490880554,0xdeadbeef
0x46e27b168f7053ab,0xdeadbeef
0x74971d10124a1afe,0xdeadbeef
0x1e36db2dc0e10ad5,0xdeadbeef
0x43c1b56f9b352330,0xdeadbeef
0x3d3268c544d283d1,0xdeadbeef
0xf7dc6cbc1f8bc7e,0xdeadbeef
0x65de08ae1361cca7,0xdeadbeef
0x2fff9efce802565c,0xdeadbeef
0x4f0c42ce37f602a3,0xdeadbeef
0x7cc0e4c7bacfc9f6,0xdeadbeef
0x2660a2e56966b9cd,0xdeadbeef
0x4beb7d2743bad228,0xdeadbeef
0x3508a10d9c4cd4d9,0xdeadbeef
0x753ff1419730d86,0xdeadbeef
0x5db440f66adc1daf,0xdeadbeef
0x27d5d7453f7ca764,0xdeadbeef
0x57360a85e07bb19b,0xdeadbeef
0x7b1553809caa8712,0xdeadbeef
0x2e8a6a9d11ec68c5,0xdeadbeef
0x541544deec408120,0xdeadbeef
0x2cded955f3c725e1,0xdeadbeef
0xd5c8a38f12a172,0xdeadbeef
0x558a793ec2566eb7,0xdeadbeef
0x1fac0f8d96f6f86c,0xdeadbeef
0x5f5fd23d89016093,0xdeadbeef
0x72eb8bc8f424d81a,0xdeadbeef
0x36b43254ba7217bd,0xdeadbeef
0x5c3f0c9694c63018,0xdeadbeef
0x24b5119e4b4176e9,0xdeadbeef
0x8ff905b3798506a,0xdeadbeef
0x4d60b18719d0bfbf,0xdeadbeef
0x29cbf5e755bc2e4c,0xdeadbeef
0x5728284d8a4b78b5,0xdeadbeef
0x297386540771b162,0xdeadbeef
0x7fd3c83658dac18b,0xdeadbeef
0x5a48edf47e86a930,0xdeadbeef
0x24c2f3d6a171afcf,0xdeadbeef
0x527795d0244b7722,0xdeadbeef
0x3e8ac122d1d9907,0xdeadbeef
0x31f5bd9efe41dd44,0xdeadbeef
0x4efe6095e1c5c9bd,0xdeadbeef
0x2149be9c5eec026a,0xdeadbeef
0x77aa007eb0551293,0xdeadbeef
0x521f263cd600fa38,0xdeadbeef
0x2cecbb8e49f75ec7,0xdeadbeef
0x5aa15d87ccd1261a,0xdeadbeef
0x4411ba57b6815f1,0xdeadbeef
0x3a1f8556a6c78c3c,0xdeadbeef
0x46d498de39401ac5,0xdeadbeef
0x191ff6e4b6665372,0xdeadbeef
0x6f8038c707cf639b,0xdeadbeef
0x49f55e852d7b4b40,0xdeadbeef
0x35168345f27d0dbf,0xdeadbeef
0x62cb253f7556d512,0xdeadbeef
0xc6ae35d23edc4e9,0xdeadbeef
0x42494d0e4f4d3b34,0xdeadbeef
0x3eaad12690ba6bcd,0xdeadbeef
0x10f62f2d0de0a47a,0xdeadbeef
0x6756710f5f49b4a3,0xdeadbeef
0x41cb96cd84f59c48,0xdeadbeef
0x3d404afd9b02bcb7,0xdeadbeef
0x6af4ecf71ddc840a,0xdeadbeef
0x1494ab14cc7373e1,0xdeadbeef
0x924d708b3a5726c,0xdeadbeef
0x77cf472c2c623495,0xdeadbeef
0x4a1aa532a9886d42,0xdeadbeef
0x5f8518eb050e8295,0xdeadbeef
0x7af00cd3209d6510,0xdeadbeef
0x41bd4f7ff5af3ef,0xdeadbeef
0x31d076f18234bb42,0xdeadbeef
0x248fcaf0cf3454e7,0xdeadbeef
0x114e9ec05c2b2164,0xdeadbeef
0x6fa57f7483dc859d,0xdeadbeef
0x41f0dd7b0102be4a,0xdeadbeef
0x67aee0a2ad94318d,0xdeadbeef
0x72c6451b7817b618,0xdeadbeef
0xc459cafa7e0a2e7,0xdeadbeef
0x39fa3ea92aba6a3a,0xdeadbeef
0x1c66033926aea5ef,0xdeadbeef
0x1978667804b0d05c,0xdeadbeef
0x677bb7bcdb56d6a5,0xdeadbeef
0x39c715c3587d0f52,0xdeadbeef
0x6fd8a85a5619e085,0xdeadbeef
0x6a9c7d63cf920720,0xdeadbeef
0x146f6467506651df,0xdeadbeef
0x42240660d3401932,0xdeadbeef
0x143c3b817e28f6f7,0xdeadbeef
0x21a22e2fad367f54,0xdeadbeef
0x5f51f00532d127ad,0xdeadbeef
0x319d4e0baff7605a,0xdeadbeef
0x78027011fe9f8f7d,0xdeadbeef
0x6272b5ac270c5828,0xdeadbeef
0x1c992c1ef8ec00d7,0xdeadbeef
0x4a4dce187bc5c82a,0xdeadbeef
0xc1273c9d5a347ff,0xdeadbeef
0x6b1a33a499e9a60c,0xdeadbeef
0x15d9ea90461e00f5,0xdeadbeef
0x17dab7693cbbc65e,0xdeadbeef
0x3e858a7914ad49cb,0xdeadbeef
0x18fab0373a593170,0xdeadbeef
0x66113193e59f278f,0xdeadbeef
0x6c3a2c729787111e,0xdeadbeef
0x3d6591ab170fdeb9,0xdeadbeef
0x7343fb5c426f5504,0xdeadbeef
0xdb022d89d9851fd,0xdeadbeef
0x20047f20e5417556,0xdeadbeef
0x365bc2c16c279ad3,0xdeadbeef
0x10d0e87f91d38278,0xdeadbeef
0x6e3af94b8e24d687,0xdeadbeef
0x641064baef016226,0xdeadbeef
0x458f5962bf958db1,0xdeadbeef
0x7b6dc313eaf503fc,0xdeadbeef
0x5865b20f512a305,0xdeadbeef
0x282e46d88dc7244e,0xdeadbeef
0x2e31fb09c3a1ebdb,0xdeadbeef
0x8a720c7e94dd380,0xdeadbeef
0x7664c10336aa857f,0xdeadbeef
0x5be69d03467bb32e,0xdeadbeef
0x4db9211a681b3ca9,0xdeadbeef
0x7c6875346c854d0c,0xdeadbeef
0x2a36c96b3730bf3,0xdeadbeef
0x30580e90364cd346,0xdeadbeef
0x260833521b1c3ce3,0xdeadbeef
0x7d591040c82488,0xdeadbeef
0x7e8e88badf303477,0xdeadbeef
0x53bcd54b9df60436,0xdeadbeef
0x55e2e8d210a0eba1,0xdeadbeef
0x4a7314c5f7d2ea2c,0xdeadbeef
0x3681096ee834bcd5,0xdeadbeef
0x8cc6775655af582,0xdeadbeef
0x5f2ca957b6c405ab,0xdeadbeef
0x39a1cf15dc6fed50,0xdeadbeef
0x456a12b543886baf,0xdeadbeef
0x731eb4aec6623302,0xdeadbeef
0x1cbe72cc74f922d9,0xdeadbeef
